norm;referenz;vorgabe_zusammenfassung;zitat;art_der_vorgabe;pflichtstaerke;sprachlicher_indikator;normadressat_kategorie;normadressat_text;quelle
InvStG;§ 5a Satz 1;Der Anleger muss bei der Übertragung den Teilwert ansetzen.;Werden ein oder mehrere Wirtschaftsgüter aus dem Betriebsvermögen eines Anlegers in das Vermögen eines Investmentfonds übertragen, so ist bei der Übertragung der Teilwert anzusetzen.;Handlungspflicht;muss;ist bei der Übertragung der Teilwert anzusetzen;Bürgerinnen und Bürger, Wirtschaft;ein oder mehrere Wirtschaftsgüter aus dem Betriebsvermögen eines Anlegers;https://www.gesetze-im-internet.de/invstg_2018/__5a.html
InvStG;§ 7 Absatz 3 Satz 2;Der Entrichtungspflichtige muss den Ausstellungszeitpunkt und die Identifikationsmerkmale der Statusbescheinigung aufzeichnen.;Der Entrichtungspflichtige hat den Tag der Ausstellung der Statusbescheinigung und die darin verwendeten Identifikationsmerkmale aufzuzeichnen.;Informationspflicht;muss;hat … aufzuzeichnen;Wirtschaft;der Entrichtungspflichtige;https://www.gesetze-im-internet.de/invstg_2018/__7.html
InvStG;§ 7 Absatz 4 Satz 5;Der Investmentfonds muss die Statusbescheinigung unverzüglich zurückgeben, wenn die Voraussetzungen weggefallen sind.;Fordert die zuständige Finanzbehörde die Statusbescheinigung zurück oder erkennt der Investmentfonds, dass die Voraussetzungen für ihre Erteilung weggefallen sind, so ist die Statusbescheinigung unverzüglich zurückzugeben.;Unterlassungspflicht;muss;ist … unverzüglich zurückzugeben;Wirtschaft;der Investmentfonds;https://www.gesetze-im-internet.de/invstg_2018/__7.html
InvStG;§ 7 Absatz 5 Satz 1;Der Entrichtungspflichtige muss dem Investmentfonds in den genannten Fällen die übersteigende Kapitalertragsteuer erstatten.;Wenn ein unbeschränkt körperschaftsteuerpflichtiger Investmentfonds innerhalb von 18 Monaten nach Zufluss eines Kapitalertrags eine Statusbescheinigung vorlegt, so hat der Entrichtungspflichtige dem Investmentfonds die Kapitalertragsteuer zu erstatten, die den nach Absatz 1 vorzunehmenden Steuerabzug übersteigt.;Handlungspflicht;muss;hat … zu erstatten;Wirtschaft;der Entrichtungspflichtige;https://www.gesetze-im-internet.de/invstg_2018/__7.html
InvStG;§ 7 Absatz 5 Satz 3;Die zuvor erteilte Steuerbescheinigung muss unverzüglich im Original zurückgegeben werden.;Eine zuvor erteilte Steuerbescheinigung ist unverzüglich im Original zurückzugeben.;Unterlassungspflicht;muss;ist unverzüglich im Original zurückzugeben;Wirtschaft;Eine zuvor erteilte Steuerbescheinigung;https://www.gesetze-im-internet.de/invstg_2018/__7.html
InvStG;§ 9 Absatz 2 Satz 1;Der ausländische Anleger muss die Vergleichbarkeit nachweisen.;Die Befreiungsbescheinigung ist nur auszustellen, wenn der ausländische Anleger die Vergleichbarkeit nachweist.;Informationspflicht;muss;wenn der ausländische Anleger die Vergleichbarkeit nachweist;Wirtschaft;der ausländische Anleger;https://www.gesetze-im-internet.de/invstg_2018/__9.html
InvStG;§ 9 Absatz 3;Der Anbieter eines Altersvorsorge- oder Basisrentenvertrags muss dem Investmentfonds die Erwerbs- und Veräußerungszeitpunkte sowie den Umfang der Anteile mitteilen.;Die Steuerbefreiung nach § 8 Absatz 1 Nummer 2 setzt voraus, dass der Anbieter eines Altersvorsorge- oder Basisrentenvertrags dem Investmentfonds innerhalb eines Monats nach dessen Geschäftsjahresende mitteilt, zu welchen Zeitpunkten und in welchem Umfang Anteile erworben oder veräußert wurden.;Informationspflicht;muss;dem Investmentfonds … mitteilt;Wirtschaft;der Anbieter eines Altersvorsorge- oder Basisrentenvertrags;https://www.gesetze-im-internet.de/invstg_2018/__9.html
InvStG;§ 10 Absatz 4 Satz 1;Die Anleger müssen ihre Steuerbefreiung gegenüber dem Investmentfonds nachweisen.;Die Anleger haben ihre Steuerbefreiung gegenüber dem Investmentfonds nachzuweisen.;Informationspflicht;muss;haben ihre Steuerbefreiung gegenüber dem Investmentfonds nachzuweisen;Bürgerinnen und Bürger, Wirtschaft;die Anleger;https://www.gesetze-im-internet.de/invstg_2018/__10.html
InvStG;§ 10 Absatz 4 Satz 2 Nummer 1;Ein Anleger nach § 8 Absatz 1 Nummer 1 oder Absatz 2 muss dem Investmentfonds eine gültige Bescheinigung übermitteln.;Zum Nachweis der Steuerbefreiung hat 1. ein Anleger nach § 8 Absatz 1 Nummer 1 oder Absatz 2 eine gültige Bescheinigung nach § 9 Absatz 1 an den Investmentfonds zu übermitteln;Informationspflicht;muss;hat ... eine gültige Bescheinigung ... an den Investmentfonds zu übermitteln;Bürgerinnen und Bürger, Wirtschaft;ein Anleger nach § 8 Absatz 1 Nummer 1 oder Absatz 2;https://www.gesetze-im-internet.de/invstg_2018/__10.html
InvStG;§ 10 Absatz 4 Satz 2 Nummer 2;Der Anbieter eines Altersvorsorge- oder Basisrentenvertrags muss dem Investmentfonds mitteilen, dass er die Investmentanteile nur im Rahmen solcher Verträge erwirbt.;Zum Nachweis der Steuerbefreiung hat 2. der Anbieter eines Altersvorsorge- oder Basisrentenvertrags gegenüber dem Investmentfonds mitzuteilen, dass er die Investmentanteile ausschließlich im Rahmen von Altersvorsorge- und Basisrentenverträgen erwirbt.;Informationspflicht;muss;gegenüber dem Investmentfonds mitzuteilen;Wirtschaft;der Anbieter eines Altersvorsorge- oder Basisrentenvertrags;https://www.gesetze-im-internet.de/invstg_2018/__10.html
InvStG;§ 10 Absatz 5;Bei Auszahlungen von Kapitalerträgen an die genannten steuerbefreiten Fonds oder Anteilklassen darf kein Steuerabzug vorgenommen werden.;Bei der Auszahlung von Kapitalerträgen an steuerbefreite Investmentfonds oder Anteilklassen im Sinne des Absatzes 1 Satz 1 ist kein Steuerabzug vorzunehmen.;Unterlassungspflicht;muss;ist kein Steuerabzug vorzunehmen;Wirtschaft, Öffentliche Verwaltung;Bei der Auszahlung von Kapitalerträgen;https://www.gesetze-im-internet.de/invstg_2018/__10.html
InvStG;§ 10 Absatz 6 Satz 1;Der Anleger muss die genannten Erträge versteuern, wenn er die Voraussetzungen des § 8 Absatz 4 Satz 2 Nummer 3 nicht erfüllt.;Wenn der Anleger die Voraussetzungen des § 8 Absatz 4 Satz 2 Nummer 3 nicht erfüllt, hat der Anleger die auf seine Investmentanteile entfallenden inländischen Beteiligungseinnahmen, inländischen Immobilienerträge und sonstigen inländischen Einkünfte sowie die Investmenterträge nach § 16 Absatz 1 zu versteuern.;Handlungspflicht;muss;hat ... zu versteuern;Bürgerinnen und Bürger;der Anleger;https://www.gesetze-im-internet.de/invstg_2018/__10.html
InvStG;§ 11 Absatz 2 Satz 1;Der Investmentfonds muss die Erstattung der Kapitalertragsteuer frist- und formgerecht beantragen.;Der Antrag auf Erstattung der Kapitalertragsteuer ist innerhalb von zwei Jahren nach Ablauf des Geschäftsjahres des Investmentfonds für das Geschäftsjahr nach amtlich vorgeschriebenem Muster zu stellen.;Informationspflicht;muss;ist innerhalb von zwei Jahren … nach amtlich vorgeschriebenem Muster zu stellen;Wirtschaft;der Investmentfonds;https://www.gesetze-im-internet.de/invstg_2018/__11.html
InvStG;§ 11 Absatz 1 Satz 1 Nummer 3;Der Investmentfonds muss in den Fällen der §§ 8 und 10 die erforderlichen Bescheinigungen, Erklärungen und Mitteilungen vorlegen bzw. beifügen.;… in den Fällen der §§ 8 und 10 nicht vom Steuerabzug Abstand genommen wurde und eine Statusbescheinigung, eine Steuerbescheinigung und eine Erklärung des Entrichtungspflichtigen vorgelegt werden, aus der hervorgeht, dass eine Erstattung weder vorgenommen wurde noch vorgenommen wird. Die Erstattung nach Satz 1 Nummer 3 setzt zusätzlich voraus, dass die Bescheinigungen und die Mitteilungen nach den §§ 8 bis 10 beigefügt werden.;Duldungs-/Mitwirkungspflicht;muss;"vorgelegt werden; … beigefügt werden";Wirtschaft;der Investmentfonds;https://www.gesetze-im-internet.de/invstg_2018/__11.html
InvStG;§ 12 Absatz 1;Der Investmentfonds muss den steuerbegünstigten Anlegern den Befreiungsbetrag auszahlen.;Der Investmentfonds hat den steuerbegünstigten Anlegern einen Betrag in Höhe der aufgrund der §§ 8 und 10 nicht erhobenen Steuer und der nach § 7 Absatz 5 oder nach § 11 Absatz 1 Satz 1 Nummer 2 erstatteten Steuer (Befreiungsbetrag) auszuzahlen.;Handlungspflicht;muss;hat … auszuzahlen;Wirtschaft;der Investmentfonds;https://www.gesetze-im-internet.de/invstg_2018/__12.html
InvStG;§ 12 Absatz 2 Satz 1;Die Anbieter von Altersvorsorge- oder Basisrentenverträgen müssen den Befreiungsbetrag wieder anlegen.;Die Anbieter von Altersvorsorge- oder Basisrentenverträgen haben den Befreiungsbetrag zugunsten der Berechtigten aus den Altersvorsorge- oder Basisrentenverträgen wieder anzulegen.;Handlungspflicht;muss;haben … wieder anzulegen;Wirtschaft;die Anbieter von Altersvorsorge- oder Basisrentenverträgen;https://www.gesetze-im-internet.de/invstg_2018/__12.html
InvStG;§ 13 Absatz 1;Der Anleger muss dem Investmentfonds den Wegfall der Steuerbefreiung oder die Übertragung von Investmentanteilen mitteilen.;Fallen die Voraussetzungen für eine Steuerbefreiung eines Anlegers eines Investmentfonds oder einer Anteilklasse nach § 10 weg, so ist der Anleger verpflichtet, dies dem Investmentfonds innerhalb eines Monats nach dem Wegfall der Voraussetzungen mitzuteilen. Das Gleiche gilt, wenn ein Anleger seine Investmentanteile an einem Investmentfonds oder einer Anteilklasse nach § 10 auf einen anderen Anleger überträgt.;Informationspflicht;muss;ist der Anleger verpflichtet, dies dem Investmentfonds ... mitzuteilen;Bürgerinnen und Bürger;der Anleger;https://www.gesetze-im-internet.de/invstg_2018/__13.html
InvStG;§ 13 Absatz 3;Der Anleger muss zu Unrecht gewährte Befreiungsbeträge an den Investmentfonds zurückzahlen.;Der Anleger hat unverzüglich die in den Fällen des Absatzes 2 zu Unrecht gewährten Befreiungsbeträge an den Investmentfonds zurückzuzahlen.;Handlungspflicht;muss;hat unverzüglich ... zurückzuzahlen;Bürgerinnen und Bürger;der Anleger;https://www.gesetze-im-internet.de/invstg_2018/__13.html
InvStG;§ 13 Absatz 4;Der Investmentfonds muss die betreffenden Befreiungsbeträge unverzüglich an die zuständige Finanzbehörde oder ersatzweise an den Entrichtungspflichtigen zahlen.;Der Investmentfonds hat in den Fällen des Absatzes 2 die zurückgezahlten Befreiungsbeträge und die noch nicht ausgezahlten Befreiungsbeträge unverzüglich an die nach § 4 Absatz 1 oder Absatz 2 Nummer 1 zuständige Finanzbehörde zu zahlen. Fehlt eine nach § 4 Absatz 1 oder Absatz 2 Nummer 1 zuständige Finanzbehörde, so hat der Investmentfonds die zurückgezahlten Befreiungsbeträge und die noch nicht ausgezahlten Befreiungsbeträge unverzüglich an den Entrichtungspflichtigen zu zahlen.;Handlungspflicht;muss;hat ... unverzüglich ... zu zahlen;Wirtschaft;der Investmentfonds;https://www.gesetze-im-internet.de/invstg_2018/__13.html
InvStG;§ 14 Absatz 5 Nummer 2;Der gesetzliche Vertreter des Investmentfonds muss die zuständige Finanzbehörde unverzüglich unterrichten, wenn er später erkennt, dass die Voraussetzungen für eine Steuerbefreiung nicht vorlagen.;Der gesetzliche Vertreter des Investmentfonds haftet für die Steuer, die einem Investmentfonds oder einer Anteilklasse zu Unrecht erstattet wurde oder bei einem Investmentfonds oder einer Anteilklasse zu Unrecht nicht erhoben wurde, wenn der gesetzliche Vertreter 1. … oder 2. zu einem späteren Zeitpunkt erkennt, dass die Voraussetzungen für eine Steuerbefreiung nicht vorlagen, aber die zuständige Finanzbehörde daraufhin nicht unverzüglich unterrichtet.;Informationspflicht;muss;nicht unverzüglich unterrichtet;Wirtschaft;der gesetzliche Vertreter des Investmentfonds;https://www.gesetze-im-internet.de/invstg_2018/__14.html
InvStG;§ 16 Absatz 4 Satz 3;Der Anleger muss den Nachweis zur allgemeinen Ertragsbesteuerung des Investmentfonds erbringen.;Von einer allgemeinen Ertragsbesteuerung ist auszugehen, wenn der Anleger nachweist, dass der Investmentfonds einer Ertragsbesteuerung in Höhe von mindestens 10 Prozent unterliegt und nicht von ihr befreit ist.;Duldungs-/Mitwirkungspflicht;muss;wenn der Anleger nachweist;Bürgerinnen und Bürger, Wirtschaft;der Anleger;https://www.gesetze-im-internet.de/invstg_2018/__16.html
InvStG;§ 18 Absatz 4 Satz 3;Das Bundesministerium der Finanzen muss den maßgebenden Zinssatz im Bundessteuerblatt veröffentlichen.;Das Bundesministerium der Finanzen veröffentlicht den maßgebenden Zinssatz im Bundessteuerblatt.;Handlungspflicht;muss;veröffentlicht;Öffentliche Verwaltung;das Bundesministerium der Finanzen;https://www.gesetze-im-internet.de/invstg_2018/__18.html
InvStG;§ 20 Absatz 4 Satz 2;Der Anleger muss die erforderlichen Informationen und Rücknahmepreise beschaffen und dem Finanzamt vorlegen.;Wenn der Anleger in einem folgenden Veranlagungszeitraum Verluste in Höhe von mehr als 500 Euro aus der Veräußerung von Investmentanteilen erzielt oder Wertminderungen im Sinne von § 6 Absatz 1 Nummer 2 Satz 2 des Einkommensteuergesetzes von Investmentanteilen geltend macht, für die er zuvor den Nachweis nach Satz 1 erbracht hat, dann ist er verpflichtet, für den gesamten Besitzzeitraum die für die Prüfung der Voraussetzungen einer Teilfreistellung erforderlichen Informationen sowie die Rücknahmepreise zum jeweiligen Kalenderjahresende zu beschaffen und dem Finanzamt mit der Steuererklärung vorzulegen.;Informationspflicht;muss;ist er verpflichtet, … zu beschaffen und … vorzulegen;Bürgerinnen und Bürger;der Anleger;https://www.gesetze-im-internet.de/invstg_2018/__20.html
InvStG;§ 20 Absatz 4 Satz 3;Der Anleger muss der Steuererklärung eine Bescheinigung beifügen.;Der Steuererklärung ist eine Steuerbescheinigung nach § 45a Absatz 2 des Einkommensteuergesetzes oder eine Verlustbescheinigung nach § 43a Absatz 3 Satz 4 des Einkommensteuergesetzes beizufügen, wenn Verluste aus der Veräußerung von Investmentanteilen erzielt werden, die von einer auszahlenden Stelle nach § 44 Absatz 1 Satz 4 des Einkommensteuergesetzes verwahrt oder verwaltet werden.;Informationspflicht;muss;ist … beizufügen;Bürgerinnen und Bürger;Der Steuererklärung;https://www.gesetze-im-internet.de/invstg_2018/__20.html
InvStG;§ 20 Absatz 4 Satz 4;Das Finanzamt muss eine Veranlagung vornehmen.;Im Fall des Satzes 2 ist eine Veranlagung ungeachtet von § 46 Absatz 2 des Einkommensteuergesetzes vorzunehmen.;Handlungspflicht;muss;ist … vorzunehmen;Öffentliche Verwaltung;das Finanzamt;https://www.gesetze-im-internet.de/invstg_2018/__20.html
InvStG;§ 23 Absatz 1 Nummer 1;Der übertragende Investmentfonds muss bestimmte Vermögensgegenstände und Verbindlichkeiten zum Übertragungsstichtag ansetzen.;Werden inländische Investmentfonds nach den §§ 181 bis 191 des Kapitalanlagegesetzbuchs miteinander verschmolzen, so hat 1. der übertragende Investmentfonds die zu übertragenden Vermögensgegenstände und Verbindlichkeiten, die Teil des Nettoinventars sind, mit den Anschaffungskosten abzüglich der Absetzungen für Abnutzung oder Substanzverringerung (fortgeführte Anschaffungskosten) zu seinem Geschäftsjahresende (Übertragungsstichtag) anzusetzen;Handlungspflicht;muss;hat ... anzusetzen;Wirtschaft;der übertragende Investmentfonds;https://www.gesetze-im-internet.de/invstg_2018/__23.html
InvStG;§ 23 Absatz 1 Nummer 2;Der übernehmende Investmentfonds muss übernommene Vermögensgegenstände und Verbindlichkeiten mit fortgeführten Anschaffungskosten ansetzen.;und 2. der übernehmende Investmentfonds die übernommenen Vermögensgegenstände und Verbindlichkeiten mit den fortgeführten Anschaffungskosten zu Beginn des dem Übertragungsstichtag folgenden Tages anzusetzen.;Handlungspflicht;muss;hat ... anzusetzen;Wirtschaft;der übernehmende Investmentfonds;https://www.gesetze-im-internet.de/invstg_2018/__23.html
InvStG;§ 24 Absatz 1;Investmentfonds oder ihre Anleger dürfen nach einer Besteuerung nach Kapitel 2 nicht zur Besteuerung nach Kapitel 3 wechseln.;Wenn Investmentfonds oder ihre Anleger der Besteuerung nach Kapitel 2 unterlegen haben, so ist ein Wechsel zur Besteuerung nach Kapitel 3 ausgeschlossen.;Unterlassungspflicht;muss;ist … ausgeschlossen;Wirtschaft;Investmentfonds oder ihre Anleger;https://www.gesetze-im-internet.de/invstg_2018/__24.html
InvStG;§ 28 Absatz 1 Satz 1;Die betroffenen Personengesellschaften müssen dem Spezial-Investmentfonds die Namen und Anschriften ihrer Gesellschafter mitteilen.;Personengesellschaften, die unmittelbar oder mittelbar über andere Personengesellschaften Anleger eines Spezial-Investmentfonds sind, haben dem Spezial-Investmentfonds innerhalb von drei Monaten nach einem Erwerb des Spezial-Investmentanteils den Namen und die Anschrift ihrer Gesellschafter mitzuteilen.;Informationspflicht;muss;haben … mitzuteilen;Wirtschaft;Personengesellschaften, die unmittelbar oder mittelbar über andere Personengesellschaften Anleger eines Spezial-Investmentfonds sind;https://www.gesetze-im-internet.de/invstg_2018/__28.html
InvStG;§ 28 Absatz 1 Satz 2;Die Personengesellschaft muss Änderungen in ihrer Zusammensetzung dem Spezial-Investmentfonds anzeigen.;Die Personengesellschaft hat dem Spezial-Investmentfonds Änderungen in ihrer Zusammensetzung innerhalb von drei Monaten anzuzeigen.;Informationspflicht;muss;hat … anzuzeigen;Wirtschaft;Die Personengesellschaft;https://www.gesetze-im-internet.de/invstg_2018/__28.html
InvStG;§ 28 Absatz 2;Der gesetzliche Vertreter des Spezial-Investmentfonds muss die beteiligten Anleger in ein Anteilsregister eintragen.;Der gesetzliche Vertreter des Spezial-Investmentfonds hat die unmittelbar und mittelbar über Personengesellschaften beteiligten Anleger spätestens sechs Monate nach dem Erwerb eines Spezial-Investmentanteils in einem Anteilsregister einzutragen.;Duldungs-/Mitwirkungspflicht;muss;hat … einzutragen;Wirtschaft;Der gesetzliche Vertreter des Spezial-Investmentfonds;https://www.gesetze-im-internet.de/invstg_2018/__28.html
InvStG;§ 28 Absatz 3;Der Spezial-Investmentfonds muss bei Kenntnis einer unzulässigen Anlegerkonstellation unverzüglich Gegenmaßnahmen ergreifen.;Erlangt der Spezial-Investmentfonds Kenntnis von einer Überschreitung der zulässigen Anlegerzahl oder von der Beteiligung natürlicher Personen, die nicht die Voraussetzungen des § 26 Nummer 8 erfüllen, so hat er unverzüglich sein Sonderkündigungsrecht auszuüben oder sonstige Maßnahmen zu ergreifen, um die zulässige Anlegerzahl und Anlegerzusammensetzung wiederherzustellen.;Handlungspflicht;muss;so hat er unverzüglich sein Sonderkündigungsrecht auszuüben oder sonstige Maßnahmen zu ergreifen;Wirtschaft;der Spezial-Investmentfonds;https://www.gesetze-im-internet.de/invstg_2018/__28.html
InvStG;§ 31 Absatz 1 Satz 2;Der Spezial-Investmentfonds muss in den Steuerbescheinigungen bestimmte Angaben zusätzlich angeben.;In den Steuerbescheinigungen sind neben den nach § 45a des Einkommensteuergesetzes erforderlichen Angaben zusätzlich anzugeben: 1. Name und Anschrift des Spezial-Investmentfonds als Zahlungsempfänger, 2. Zurechnungszeitpunkt des Kapitalertrags, 3. Name und Anschrift der am Spezial-Investmentfonds beteiligten Anleger als Gläubiger der Kapitalerträge, 4. Gesamtzahl der Anteile des Spezial-Investmentfonds und Anzahl der Anteile der einzelnen Anleger jeweils zum Zurechnungszeitpunkt sowie 5. Anteile der einzelnen Anleger an der Kapitalertragsteuer.;Informationspflicht;muss;sind ... zusätzlich anzugeben;Wirtschaft;der Spezial-Investmentfonds;https://www.gesetze-im-internet.de/invstg_2018/__31.html
InvStG;§ 31 Absatz 2 Satz 1;Der Spezial-Investmentfonds muss betroffene Beträge an die anspruchsberechtigten Anleger auszahlen.;Wird vom Steuerabzug Abstand genommen oder wird die Steuer erstattet, so hat der Spezial-Investmentfonds die Beträge an diejenigen Anleger auszuzahlen, bei denen die Voraussetzungen für eine Abstandnahme oder Erstattung vorliegen.;Handlungspflicht;muss;hat ... auszuzahlen;Wirtschaft;der Spezial-Investmentfonds;https://www.gesetze-im-internet.de/invstg_2018/__31.html
InvStG;§ 31 Absatz 3 Satz 4 Nummer 1;Der Anleger muss seinem Finanzamt anzeigen, dass kein Steuerabzug vorgenommen oder die Steuer erstattet wurde.;Wurde für einen Anleger kein Steuerabzug vorgenommen oder ein Steuerabzug erstattet und liegen die Voraussetzungen des Satzes 1 nicht vor, ist der Anleger verpflichtet, 1. dies gegenüber seinem zuständigen Finanzamt anzuzeigen, 2. Kapitalertragsteuer in Höhe von 15 Prozent der Kapitalerträge im Sinne des § 43 Absatz 1 Satz 1 Nummer 1a und des § 36a Absatz 1 Satz 4 des Einkommensteuergesetzes nach amtlich vorgeschriebenen Vordruck auf elektronischem Weg anzumelden und 3. die angemeldete Steuer zu entrichten. Die Anzeige, Anmeldung und Entrichtung hat bei Steuerpflichtigen, die ihren Gewinn durch Bestandsvergleich ermitteln, nach Ablauf des Wirtschaftsjahres, bei Investmentfonds nach Ablauf des Geschäftsjahres und bei anderen Steuerpflichtigen nach Ablauf des Kalenderjahres bis zum Zehnten des folgenden Monats zu erfolgen.;Informationspflicht;muss;ist der Anleger verpflichtet, 1. dies gegenüber seinem zuständigen Finanzamt anzuzeigen;Wirtschaft;der Anleger;https://www.gesetze-im-internet.de/invstg_2018/__31.html
InvStG;§ 31 Absatz 3 Satz 4 Nummer 2;Der Anleger muss Kapitalertragsteuer elektronisch anmelden.;Wurde für einen Anleger kein Steuerabzug vorgenommen oder ein Steuerabzug erstattet und liegen die Voraussetzungen des Satzes 1 nicht vor, ist der Anleger verpflichtet, 1. dies gegenüber seinem zuständigen Finanzamt anzuzeigen, 2. Kapitalertragsteuer in Höhe von 15 Prozent der Kapitalerträge im Sinne des § 43 Absatz 1 Satz 1 Nummer 1a und des § 36a Absatz 1 Satz 4 des Einkommensteuergesetzes nach amtlich vorgeschriebenen Vordruck auf elektronischem Weg anzumelden und 3. die angemeldete Steuer zu entrichten. Die Anzeige, Anmeldung und Entrichtung hat bei Steuerpflichtigen, die ihren Gewinn durch Bestandsvergleich ermitteln, nach Ablauf des Wirtschaftsjahres, bei Investmentfonds nach Ablauf des Geschäftsjahres und bei anderen Steuerpflichtigen nach Ablauf des Kalenderjahres bis zum Zehnten des folgenden Monats zu erfolgen.;Informationspflicht;muss;Kapitalertragsteuer ... nach amtlich vorgeschriebenen Vordruck auf elektronischem Weg anzumelden;Wirtschaft;der Anleger;https://www.gesetze-im-internet.de/invstg_2018/__31.html
InvStG;§ 31 Absatz 3 Satz 4 Nummer 3;Der Anleger muss die angemeldete Kapitalertragsteuer entrichten.;Wurde für einen Anleger kein Steuerabzug vorgenommen oder ein Steuerabzug erstattet und liegen die Voraussetzungen des Satzes 1 nicht vor, ist der Anleger verpflichtet, 1. dies gegenüber seinem zuständigen Finanzamt anzuzeigen, 2. Kapitalertragsteuer in Höhe von 15 Prozent der Kapitalerträge im Sinne des § 43 Absatz 1 Satz 1 Nummer 1a und des § 36a Absatz 1 Satz 4 des Einkommensteuergesetzes nach amtlich vorgeschriebenen Vordruck auf elektronischem Weg anzumelden und 3. die angemeldete Steuer zu entrichten. Die Anzeige, Anmeldung und Entrichtung hat bei Steuerpflichtigen, die ihren Gewinn durch Bestandsvergleich ermitteln, nach Ablauf des Wirtschaftsjahres, bei Investmentfonds nach Ablauf des Geschäftsjahres und bei anderen Steuerpflichtigen nach Ablauf des Kalenderjahres bis zum Zehnten des folgenden Monats zu erfolgen.;Handlungspflicht;muss;die angemeldete Steuer zu entrichten;Wirtschaft;der Anleger;https://www.gesetze-im-internet.de/invstg_2018/__31.html
InvStG;§ 32 Absatz 1 Satz 2;Der Entrichtungspflichtige muss den fehlenden vorsätzlichen oder grob fahrlässigen Pflichtverstoß nachweisen.;Die Haftung ist ausgeschlossen, soweit der Entrichtungspflichtige nachweist, dass er die ihm auferlegten Pflichten weder vorsätzlich noch grob fahrlässig verletzt hat.;Duldungs-/Mitwirkungspflicht;muss;weist nach, dass;Wirtschaft;der Entrichtungspflichtige;https://www.gesetze-im-internet.de/invstg_2018/__32.html
InvStG;§ 33 Absatz 1 Satz 1;Der Spezial-Investmentfonds muss auf inländische Immobilienerträge Kapitalertragsteuer erheben, abführen und Steuerbescheinigungen ausstellen.;Die Körperschaftsteuerpflicht für die inländischen Immobilienerträge eines Spezial-Investmentfonds entfällt, wenn der Spezial-Investmentfonds auf ausgeschüttete oder ausschüttungsgleiche inländische Immobilienerträge Kapitalertragsteuer gemäß § 50 erhebt, an die zuständige Finanzbehörde abführt und den Anlegern Steuerbescheinigungen gemäß § 45a Absatz 2 des Einkommensteuergesetzes ausstellt.;Handlungspflicht;muss;erhebt, an die zuständige Finanzbehörde abführt und den Anlegern Steuerbescheinigungen ... ausstellt;Wirtschaft;der Spezial-Investmentfonds;https://www.gesetze-im-internet.de/invstg_2018/__33.html
InvStG;§ 37 Absatz 1 Satz 1;Der Spezial-Investmentfonds muss die Einkünfte des Spezial-Investmentfonds ermitteln.;Der Spezial-Investmentfonds ermittelt die Einkünfte des Spezial-Investmentfonds entsprechend § 2 Absatz 2 Satz 1 Nummer 2 und § 23 Absatz 3 des Einkommensteuergesetzes;Handlungspflicht;muss;ermittelt;Wirtschaft;der Spezial-Investmentfonds;https://www.gesetze-im-internet.de/invstg_2018/__37.html
InvStG;§ 37 Absatz 1 Satz 1;Der Spezial-Investmentfonds muss die Einkünfte nach den steuerlichen Wirkungen beim Anleger gliedern.;Der Spezial-Investmentfonds … gliedert sie nach den steuerlichen Wirkungen beim Anleger;Handlungspflicht;muss;gliedert;Wirtschaft;der Spezial-Investmentfonds;https://www.gesetze-im-internet.de/invstg_2018/__37.html
InvStG;§ 37 Absatz 2 Satz 1;Der Dach-Spezial-Investmentfonds muss die zufließenden Spezial-Investmenterträge gliedern.;Spezial-Investmenterträge, die einem Dach-Spezial-Investmentfonds zufließen oder die als zugeflossen gelten, sind nach der Art der Einkünfte des Ziel-Spezial-Investmentfonds und nach den steuerlichen Wirkungen bei den Anlegern des Dach-Spezial-Investmentfonds zu gliedern, sofern in Kapitel 3 keine abweichenden Bestimmungen getroffen werden.;Handlungspflicht;muss;sind … zu gliedern;Wirtschaft;Dach-Spezial-Investmentfonds;https://www.gesetze-im-internet.de/invstg_2018/__37.html
InvStG;§ 37 Absatz 2 Satz 2;Der Dach-Spezial-Investmentfonds darf diese Spezial-Investmenterträge bei der Gliederung nicht als steuerfrei thesaurierbare Kapitalerträge ansetzen.;Bei der Gliederung nach Satz 1 sind die Spezial-Investmenterträge nach § 34 Absatz 1 Nummer 1 und 2 nicht als steuerfrei thesaurierbare Kapitalerträge im Sinne des § 36 Absatz 2 anzusetzen.;Unterlassungspflicht;muss;sind … nicht als … anzusetzen;Wirtschaft;Dach-Spezial-Investmentfonds;https://www.gesetze-im-internet.de/invstg_2018/__37.html
InvStG;§ 39 Absatz 2 Satz 2;Der Spezial-Investmentfonds muss Verlustvorträge bilden, wenn die genannten Einnahmen fehlen oder niedriger sind als die Werbungskosten.;Liegen keine Einnahmen nach § 20 Absatz 2 Satz 1 Nummer 1 des Einkommensteuergesetzes vor oder sind die Einnahmen niedriger als die Werbungskosten, so hat der Spezial-Investmentfonds Verlustvorträge zu bilden.;Handlungspflicht;muss;hat ... zu bilden;Wirtschaft;der Spezial-Investmentfonds;https://www.gesetze-im-internet.de/invstg_2018/__39.html
InvStG;§ 39 Absatz 3;Der Spezial-Investmentfonds muss Verluste aus Finanzderivaten bei den genannten Einnahmen abziehen, wenn die Voraussetzungen vorliegen.;Verluste aus Finanzderivaten sind als Direktkosten bei den Einnahmen nach § 20 Absatz 2 Satz 1 Nummer 1 des Einkommensteuergesetzes abzuziehen, wenn der Spezial-Investmentfonds im Rahmen einer konzeptionellen Gestaltung Verluste aus Finanzderivaten und in gleicher oder ähnlicher Höhe Einnahmen nach § 20 Absatz 2 Satz 1 Nummer 1 des Einkommensteuergesetzes herbeigeführt hat.;Handlungspflicht;muss;sind ... abzuziehen;Wirtschaft;der Spezial-Investmentfonds;https://www.gesetze-im-internet.de/invstg_2018/__39.html
InvStG;§ 39 Absatz 4;Die verbleibenden Direktkosten müssen von den jeweiligen Einnahmen abgezogen werden.;Die nach der Zuordnung nach den Absätzen 2 und 3 verbleibenden Direktkosten sind von den jeweiligen Einnahmen abzuziehen.;Handlungspflicht;muss;sind ... abzuziehen;Wirtschaft;die nach der Zuordnung nach den Absätzen 2 und 3 verbleibenden Direktkosten;https://www.gesetze-im-internet.de/invstg_2018/__39.html
InvStG;§ 40 Absatz 1 Satz 1;Der Spezial-Investmentfonds muss seine Allgemeinkosten zwischen steuerbefreiten und übrigen Einkünften aufteilen.;Die Allgemeinkosten sind zwischen den nach § 43 Absatz 1 steuerbefreiten Einkünften und allen übrigen Einkünften des Spezial-Investmentfonds aufzuteilen.;Handlungspflicht;muss;sind ... aufzuteilen;Wirtschaft;der Spezial-Investmentfonds;https://www.gesetze-im-internet.de/invstg_2018/__40.html
InvStG;§ 40 Absatz 1 Satz 3;Der Spezial-Investmentfonds muss für die Berechnung des durchschnittlichen Vermögens die monatlichen Endwerte des Vorjahres zugrunde legen.;Zur Berechnung des durchschnittlichen Vermögens sind die monatlichen Endwerte des vorangegangenen Geschäftsjahres zugrunde zu legen.;Handlungspflicht;muss;sind ... zugrunde zu legen;Wirtschaft;der Spezial-Investmentfonds;https://www.gesetze-im-internet.de/invstg_2018/__40.html
InvStG;§ 40 Absatz 2 Satz 1;Der Spezial-Investmentfonds muss die Allgemeinkosten innerhalb der jeweiligen Einkünftearten auf laufende Einnahmen und sonstige Gewinne aufteilen.;Die Allgemeinkosten sind innerhalb der nach § 43 Absatz 1 steuerbefreiten Einkünfte und innerhalb aller übrigen Einkünfte zwischen den laufenden Einnahmen und den sonstigen Gewinnen aufzuteilen.;Handlungspflicht;muss;sind ... aufzuteilen;Wirtschaft;die Allgemeinkosten;https://www.gesetze-im-internet.de/invstg_2018/__40.html
InvStG;§ 40 Absatz 3 Satz 1;Der Spezial-Investmentfonds muss die Aufteilung nach den positiven Saldoverhältnissen des Vorjahres vornehmen.;Die Aufteilung nach Absatz 2 erfolgt nach dem Verhältnis der positiven Salden der laufenden Einnahmen des vorangegangenen Geschäftsjahres einerseits und der positiven Salden der sonstigen Gewinne des vorangegangenen Geschäftsjahres.;Handlungspflicht;muss;erfolgt nach dem Verhältnis;Wirtschaft;die Allgemeinkosten;https://www.gesetze-im-internet.de/invstg_2018/__40.html
InvStG;§ 40 Absatz 3 Satz 3;Der Spezial-Investmentfonds muss bei negativen Salden die Allgemeinkosten hälftig zuordnen.;Sind die Salden der laufenden Einnahmen oder der sonstigen Gewinne negativ, so erfolgt die Zuordnung der Allgemeinkosten jeweils hälftig zu den laufenden Einnahmen sowie zu den sonstigen Gewinnen.;Handlungspflicht;muss;erfolgt ... hälftig zuordnen;Wirtschaft;die Allgemeinkosten;https://www.gesetze-im-internet.de/invstg_2018/__40.html
InvStG;§ 40 Absatz 4 Satz 1;Der Spezial-Investmentfonds muss die Allgemeinkosten anschließend den nach § 37 gegliederten Einnahmen und Gewinnen zuordnen.;Nach der Aufteilung der Allgemeinkosten nach Absatz 3 werden die Allgemeinkosten den entsprechend § 37 gegliederten Einnahmen und Gewinnen zugeordnet.;Handlungspflicht;muss;werden ... zugeordnet;Wirtschaft;die Allgemeinkosten;https://www.gesetze-im-internet.de/invstg_2018/__40.html
InvStG;§ 40 Absatz 4 Satz 2;Der Spezial-Investmentfonds muss die Zuordnung nach dem Verhältnis der positiven Vorjahreseinnahmen und -gewinne vornehmen.;Die Zuordnung erfolgt nach dem Verhältnis der entsprechenden positiven Einnahmen und Gewinne des vorangegangenen Geschäftsjahres.;Handlungspflicht;muss;erfolgt nach dem Verhältnis;Wirtschaft;die Zuordnung;https://www.gesetze-im-internet.de/invstg_2018/__40.html
InvStG;§ 40 Absatz 4 Satz 3;Der Spezial-Investmentfonds muss in diesem Fall den betroffenen Einnahmen oder Gewinnen vorab den rechnerischen Gleichteil der Allgemeinkosten zuordnen.;Wenn entsprechende Einnahmen oder Gewinne im vorangegangenen Geschäftsjahr nicht positiv waren, wird diesen Einnahmen oder Gewinnen vor der Zuordnung nach den Sätzen 1 und 2 jeweils der Anteil der Allgemeinkosten zugeordnet, der bei einer Aufteilung zu gleichen Teilen rechnerisch entsteht.;Handlungspflicht;muss;wird ... zugeordnet;Wirtschaft;diesen Einnahmen oder Gewinnen;https://www.gesetze-im-internet.de/invstg_2018/__40.html
InvStG;§ 40 Absatz 5 Satz 1;Der Spezial-Investmentfonds muss bestimmte Allgemeinkosten ausschließlich den Einnahmen nach § 20 Absatz 2 Satz 1 Nummer 1 EStG zuordnen.;Allgemeinkosten, die in einem mittelbaren wirtschaftlichen Zusammenhang mit Einnahmen nach § 20 Absatz 1 Nummer 1 oder Absatz 2 Satz 1 Nummer 1 des Einkommensteuergesetzes stehen, sind ausschließlich den Einnahmen nach § 20 Absatz 2 Satz 1 Nummer 1 des Einkommensteuergesetzes zuzuordnen.;Handlungspflicht;muss;sind ausschließlich ... zuzuordnen;Wirtschaft;Allgemeinkosten;https://www.gesetze-im-internet.de/invstg_2018/__40.html
InvStG;§ 40 Absatz 5 Satz 2;Der Spezial-Investmentfonds muss in diesem Fall Verlustvorträge bilden.;Liegen keine Einnahmen nach § 20 Absatz 2 Satz 1 Nummer 1 des Einkommensteuergesetzes vor oder sind die Einnahmen niedriger als die Werbungskosten, so hat der Spezial-Investmentfonds Verlustvorträge zu bilden.;Handlungspflicht;muss;hat ... zu bilden;Wirtschaft;der Spezial-Investmentfonds;https://www.gesetze-im-internet.de/invstg_2018/__40.html
InvStG;§ 41 Absatz 1 Satz 1;Der Spezial-Investmentfonds muss negative Erträge mit positiven Erträgen gleicher Art verrechnen.;Negative Erträge des Spezial-Investmentfonds sind mit positiven Erträgen gleicher Art bis zu deren Höhe auszugleichen.;Handlungspflicht;muss;sind mit positiven Erträgen gleicher Art bis zu deren Höhe auszugleichen;Wirtschaft;Spezial-Investmentfonds;https://www.gesetze-im-internet.de/invstg_2018/__41.html
InvStG;§ 41 Absatz 2 Satz 1;Der Spezial-Investmentfonds muss nicht ausgeglichene negative Erträge in den folgenden Geschäftsjahren abziehen.;Nicht ausgeglichene negative Erträge sind in den folgenden Geschäftsjahren abzuziehen.;Handlungspflicht;muss;sind in den folgenden Geschäftsjahren abzuziehen;Wirtschaft;Spezial-Investmentfonds;https://www.gesetze-im-internet.de/invstg_2018/__41.html
InvStG;§ 46 Absatz 3 Satz 1;Der Spezial-Investmentfonds muss einen übersteigenden Differenzbetrag auf die folgenden Geschäftsjahre übertragen.;"Übersteigen die Abzugsbeträge den Zinsertrag, so ist die Differenz auf die folgenden Geschäftsjahre des Spezial-Investmentfonds zu übertragen; dies mindert den Zinsertrag der folgenden Geschäftsjahre.";Handlungspflicht;muss;ist die Differenz … zu übertragen;Wirtschaft;des Spezial-Investmentfonds;https://www.gesetze-im-internet.de/invstg_2018/__46.html
InvStG;§ 48 Absatz 1 Satz 1;Der Spezial-Investmentfonds muss bei jeder Bewertung bestimmte Gewinnwerte ermitteln und dem Anleger bekannt machen.;Der Spezial-Investmentfonds hat bei jeder Bewertung seines Vermögens pro Spezial-Investmentanteil den Fonds-Aktiengewinn, den Fonds-Abkommensgewinn und den Fonds-Teilfreistellungsgewinn als absolute Werte in Euro zu ermitteln und dem Anleger diese Werte bekannt zu machen.;Informationspflicht;muss;hat bei jeder Bewertung seines Vermögens … zu ermitteln und … bekannt zu machen;Wirtschaft;der Spezial-Investmentfonds;https://www.gesetze-im-internet.de/invstg_2018/__48.html
InvStG;§ 48 Absatz 6 Satz 1;Der Fonds-Teilfreistellungsgewinn muss getrennt für die in § 20 Absatz 1 genannten Anlegerarten ermittelt werden.;Der Fonds-Teilfreistellungsgewinn ist jeweils getrennt für die in § 20 Absatz 1 genannten Arten von Anlegern zu ermitteln.;Handlungspflicht;muss;ist jeweils getrennt … zu ermitteln;Wirtschaft;Der Fonds-Teilfreistellungsgewinn;https://www.gesetze-im-internet.de/invstg_2018/__48.html
InvStG;§ 49 Absatz 5 Satz 8;Der Anleger muss den Spezial-Investmentfonds über die Veräußerung informieren.;Der Anleger hat den Spezial-Investmentfonds unverzüglich über die Veräußerung nach Satz 1 und 5 zu informieren.;Informationspflicht;muss;hat den Spezial-Investmentfonds unverzüglich über die Veräußerung … zu informieren;Bürgerinnen und Bürger;der Anleger;https://www.gesetze-im-internet.de/invstg_2018/__49.html
InvStG;§ 50 Absatz 1;Ein inländischer Spezial-Investmentfonds muss 15 Prozent Kapitalertragsteuer einbehalten.;Ein inländischer Spezial-Investmentfonds hat als Entrichtungspflichtiger 15 Prozent Kapitalertragsteuer einzubehalten …;Handlungspflicht;muss;hat … einzubehalten;Wirtschaft;ein inländischer Spezial-Investmentfonds;https://www.gesetze-im-internet.de/invstg_2018/__50.html
InvStG;§ 50 Absatz 1;Ein inländischer Spezial-Investmentfonds muss 15 Prozent Kapitalertragsteuer abführen.;Ein inländischer Spezial-Investmentfonds hat als Entrichtungspflichtiger … 15 Prozent Kapitalertragsteuer … abzuführen.;Handlungspflicht;muss;hat … abzuführen;Wirtschaft;ein inländischer Spezial-Investmentfonds;https://www.gesetze-im-internet.de/invstg_2018/__50.html
InvStG;§ 50 Absatz 2;Der Entrichtungspflichtige muss ausländische Steuern nach Maßgabe des § 47 berücksichtigen.;Der Entrichtungspflichtige hat ausländische Steuern nach Maßgabe des § 47 zu berücksichtigen.;Handlungspflicht;muss;hat … zu berücksichtigen;Wirtschaft;Der Entrichtungspflichtige;https://www.gesetze-im-internet.de/invstg_2018/__50.html
InvStG;§ 51 Absatz 1;Die zuständige Finanzbehörde muss die Besteuerungsgrundlagen gesondert und einheitlich feststellen.;Die Besteuerungsgrundlagen nach den §§ 29 bis 49, die nicht ausgeglichenen negativen Erträge nach § 41 und die positiven Erträge, die nicht zu einer Ausschüttung verwendet wurden, sind gegenüber dem Spezial-Investmentfonds und dem Anleger gesondert und einheitlich festzustellen.;Handlungspflicht;muss;sind ... gesondert und einheitlich festzustellen;Öffentliche Verwaltung;die zuständige Finanzbehörde;https://www.gesetze-im-internet.de/invstg_2018/__51.html
InvStG;§ 51 Absatz 2 Satz 1 in Verbindung mit Absatz 3 Satz 1;Der Spezial-Investmentfonds oder der inländische Anleger muss die Feststellungserklärung bei der Finanzbehörde abgeben.;Eine Erklärung zur gesonderten und einheitlichen Feststellung der Besteuerungsgrundlagen ist der zuständigen Finanzbehörde innerhalb von acht Monaten nach Ablauf des Geschäftsjahres eines Spezial-Investmentfonds nach amtlich vorgeschriebenem Vordruck abzugeben. Die Erklärung zur gesonderten und einheitlichen Feststellung hat abzugeben: 1. bei einem inländischen Spezial-Investmentfonds der Spezial-Investmentfonds oder 2. bei einem ausländischen Spezial-Investmentfonds der Spezial-Investmentfonds oder der inländische Anleger.;Informationspflicht;muss;"ist ... abzugeben; hat abzugeben";Wirtschaft;der Spezial-Investmentfonds oder der inländische Anleger;https://www.gesetze-im-internet.de/invstg_2018/__51.html
InvStG;§ 51 Absatz 4 Satz 1;Der Spezial-Investmentfonds oder der inländische Anleger muss der Erklärung die genannten Unterlagen beifügen.;Der Erklärung zur gesonderten und einheitlichen Feststellung sind folgende Unterlagen beizufügen: 1. der Jahresbericht oder der Jahresabschluss und der Lagebericht jeweils für das abgelaufene Geschäftsjahr, 2. im Falle einer Ausschüttung ein verbindlicher Beschluss der Verwaltungsgesellschaft über die Verwendung der Erträge, 3. der Verkaufsprospekt, sofern ein Verkaufsprospekt erstellt wurde, 4. das Anteilsregister, 5. die Überleitungsrechnung, aus der hervorgeht, wie die Besteuerungsgrundlagen aus der handels- oder investmentrechtlichen Rechnungslegung ermittelt wurden, 6. die Summen- und Saldenlisten, aus denen sich die Zusammensetzung der Einnahmen und Werbungskosten des Spezial-Investmentfonds ergibt, und 7. die Unterlagen zur Aufteilung der Einkünfte auf die einzelnen Anleger.;Informationspflicht;muss;sind ... beizufügen;Wirtschaft;der Spezial-Investmentfonds oder der inländische Anleger;https://www.gesetze-im-internet.de/invstg_2018/__51.html
InvStG;§ 53 Absatz 2 Satz 1;Die Anleger müssen der offenen Investmentkommanditgesellschaft schriftlich bestätigen, dass sie ihren Anteil nur zur Abdeckung betrieblicher Altersvorsorgeverpflichtungen halten.;Die Anleger haben der offenen Investmentkommanditgesellschaft schriftlich nach amtlichem Muster zu bestätigen, dass sie ihren Anteil unmittelbar und ausschließlich zur Abdeckung betrieblicher Altersvorsorgeverpflichtungen halten.;Informationspflicht;muss;haben … schriftlich nach amtlichem Muster zu bestätigen;Wirtschaft;die Anleger;https://www.gesetze-im-internet.de/invstg_2018/__53.html
InvStG;§ 56 Absatz 4 Satz 1;Die inländische Stelle muss bestimmte Angaben zu Alt-Anteilen ermitteln und vorhalten.;Die inländische Stelle, die die Alt-Anteile verwahrt oder verwaltet, hat bis zum 31. Dezember 2020 Folgendes zu ermitteln und bis zur tatsächlichen Veräußerung vorzuhalten: 1. den Gewinn aus der fiktiven Veräußerung nach Absatz 2 Satz 1 und 2. die Erträge nach § 7 Absatz 1 Satz 1 Nummer 3 und 4 des Investmentsteuergesetzes in der bis zum 31. Dezember 2017 geltenden Fassung.;Informationspflicht;muss;hat bis zum 31. Dezember 2020 Folgendes zu ermitteln und bis zur tatsächlichen Veräußerung vorzuhalten;Wirtschaft;die inländische Stelle, die die Alt-Anteile verwahrt oder verwaltet;https://www.gesetze-im-internet.de/invstg_2018/__56.html
InvStG;§ 56 Absatz 4 Satz 2;Die inländische Stelle muss dem Steuerpflichtigen auf Antrag Angaben mitteilen.;Die inländische Stelle hat dem Steuerpflichtigen auf Antrag die Angaben nach Satz 1 Nummer 1 mitzuteilen.;Informationspflicht;muss;hat dem Steuerpflichtigen auf Antrag die Angaben … mitzuteilen;Wirtschaft;die inländische Stelle;https://www.gesetze-im-internet.de/invstg_2018/__56.html
InvStG;§ 56 Absatz 4 Satz 3;Die abgebende inländische Stelle muss der übernehmenden inländischen Stelle Angaben mitteilen.;Überträgt der Anleger die Alt-Anteile auf ein anderes Depot, so hat die abgebende inländische Stelle der übernehmenden inländischen Stelle die Angaben nach Satz 1 mitzuteilen.;Informationspflicht;muss;so hat die abgebende inländische Stelle … die Angaben … mitzuteilen;Wirtschaft;die abgebende inländische Stelle;https://www.gesetze-im-internet.de/invstg_2018/__56.html
InvStG;§ 56 Absatz 5 Satz 4;Der Anleger muss eine Feststellungserklärung elektronisch übermitteln.;Der Anleger hat eine Erklärung zur gesonderten Feststellung des Gewinns nach Absatz 3 Satz 1 frühestens nach dem 31. Dezember 2019 und spätestens bis zum 31. Dezember 2022 nach amtlich vorgeschriebenem Datensatz durch Datenfernübertragung zu übermitteln.;Informationspflicht;muss;hat … eine Erklärung … nach amtlich vorgeschriebenem Datensatz durch Datenfernübertragung zu übermitteln;Wirtschaft;Der Anleger;https://www.gesetze-im-internet.de/invstg_2018/__56.html
InvStG;§ 56 Absatz 5 Satz 5;Der Anleger muss den Gewinn in der Feststellungserklärung selbst ermitteln.;Der Anleger hat in der Feststellungserklärung den Gewinn nach Absatz 3 Satz 1 selbst zu ermitteln.;Informationspflicht;muss;hat in der Feststellungserklärung den Gewinn … selbst zu ermitteln;Wirtschaft;Der Anleger;https://www.gesetze-im-internet.de/invstg_2018/__56.html
InvStG;§ 56 Absatz 5 Satz 7;Der Anleger muss die Erklärung im Härtefall auf Vordruck abgeben und eigenhändig unterschreiben.;"Auf Antrag kann die Finanzbehörde zur Vermeidung unbilliger Härten auf eine elektronische Übermittlung verzichten; in diesem Fall ist die Erklärung zur gesonderten Feststellung nach amtlich vorgeschriebenem Vordruck abzugeben und vom Anleger eigenhändig zu unterschreiben.";Informationspflicht;muss;ist die Erklärung … nach amtlich vorgeschriebenem Vordruck abzugeben und vom Anleger eigenhändig zu unterschreiben;Wirtschaft;die Erklärung zur gesonderten Feststellung;https://www.gesetze-im-internet.de/invstg_2018/__56.html
